Baseball Glove,baseballglove
Baseball Hat,baseballhat
Blanket,blanket
Breakfast Pastry,breakfastpastry
Butternut Squash,butternutsquash
Cabbage,cabbage2
Canned Tomatoes,cannedtomatoes
Paint,canofpaint
Cardboard Box,cardboardbox
Celery,celery
Cheese,cheese
Chocolate,chocolate
Coconut,coconut
Cranberries,cranberries
Dress,dress
Dress Shirt,dresshirt
Eggs,eggs
Garden Hose,gardenhose
Jelly,grapejelly
Hammer,hammer
Ice Cream,icecream
Jacket,jacket
Jeans,jeans
Mattress,mattress
Muffins,muffins
Mushrooms,mushrooms
Necklace,necklace
Onion,onion
Orange Juice,orangejuice
Peas,peas
Pie Crust,piecrust
Pillowcase,pillowcase
Pineapple,pineapple
Pipes,pipes
Pork Chop,porkchop
Pot,pot
Power Drill,powerdrill
Scarf,scarf
Screwdriver,screwdriver
Shovel,shovel
Shrimp,shrimp
Sneakers,sneakers
Socks,socks
Spinach,spinach
Suitcase,suitcase
Sweater,sweater
Swimsuit,swimsuit
T-Shirt,tshirt
Tuna,tuna
Underwear,underwear
Vitamins,vitamins
Wrench,wrench
Yogurt,yogurt
